a,a
aah,aa
aback,abak
abacus,abacus
abaft,abaft
abalone,abaloeny
abandon,abandon
abandoned,abandond
abandoning,abandoning
abandonment,abandonment
abase,abaes
abasement,abaesment
abash,abash
abate,abaet
abated,abaeted
abatement,abaetment
abattoir,abatwar
abbe,abay
abbes,abays
abbess,abis
abbey,aby
abbeys,abys
abbot,abot
abbreviate,abreeviaet
abbreviated,abreeviaeted
abbreviating,abreeviaeting
abbreviation,abreeviaeshun
abbreviations,abreeviaeshuns
abdicate,abdicaet
abdication,abdicaeshun
abdomen,abdomen
abdominal,abdominal
abduct,abduct
abduction,abducshun
abductor,abductor
abed,abed
aberrance,aberans
aberrant,aberant
aberration,aberaeshun
aberrations,aberaeshuns
abet,abet
abetted,abeted
abetting,abeting
abettor,abetor
abeyance,abaeans
abhor,abhor
abhorred,abhord
abhorrence,abhorens
abhorrent,abhorent
abhorring,abhoring
abide,abied
abides,abieds
abiding,abieding
abilities,abilitys
ability,ability
abject,abject
abjection,abjecshun
abjectly,abjectly
abjure,abjur
ablation,ablaeshun
ablative,ablativ
ablaze,ablaez
able,aebl
abler,aebler
ablution,ablooshun
ably,aebly
abnegation,abnegaeshun
abnormal,abnormal
abnormalities,abnormalitys
abnormality,abnormality
abnormally,abnormaly
aboard,abord
abode,aboed
abolish,abolish
abolished,abolisht
abolition,abolishun
abolitionism,abolishunizm
abolitionist,abolishunist
abolitionists,abolishunists
abominable,abominabl
abominate,abominaet
abomination,abominaeshun
aboriginal,aborijinal
aborigine,aborijinee
aborigines,aborijinees
abort,abort
abortion,aborshun
abortionist,aborshunist
abortions,aborshuns
abortive,abortiv
abound,abound
abounded,abounded
abounding,abounding
abounds,abounds
about,about
above,abuv
aboveboard,abuvbord
aboveground,abuvground
abrade,abraed
abrasion,abraezhun
abrasive,abraesiv
abreact,abriact
abreaction,abriacshun
abreast,abrest
abridge,abrij
abridged,abrijd
abridging,abrijing
abridgment,abrijment
abroad,abraud
abrogate,abrogaet
abrogated,abrogaeted
abrogation,abrogaeshun
abrupt,abrupt
abruptly,abruptly
abruptness,abruptnes
abscess,abses
abscesses,abseses
abscissa,absisa
abscond,abscond
absconder,absconder
absence,absens
absences,absenses
absent,absent
absented,absented
absentee,absentee
absenteeism,absenteeizm
absentia,absentia
absently,absently
absentminded,absentmiended
absentmindedly,absentmiendedly
absinthe,absinth
absolute,absoloot
absolutely,absolootly
absoluteness,absolootnes
absolutes,absoloots
absolution,absolooshun
absolutism,absolootizm
absolve,abzolv
absorb,absorb
absorbed,absorbd
absorbency,absorbensy
absorbent,absorbent
absorber,absorber
absorbing,absorbing
absorbs,absorbs
absorption,absorpshun
absorptions,absorpshuns
absorptive,absorptiv
abstain,abstaen
abstainer,abstaener
abstaining,abstaening
abstemious,absteemius
abstention,abstenshun
abstinence,abstinens
abstinent,abstinent
abstract,abstract
abstracted,abstracted
abstractedness,abstractednes
abstracting,abstracting
abstraction,abstracshun
abstractionism,abstracshunizm
abstractionists,abstracshunists
abstractions,abstracshuns
abstractive,abstractiv
abstractly,abstractly
abstractness,abstractnes
abstractors,abstractors
abstracts,abstracts
abstruse,abstroos
abstruseness,abstroosnes
abstrusenesses,abstroosneses
absurd,abserd
absurdities,abserditys
absurdity,abserdity
absurdly,abserdly
abundance,abundans
abundant,abundant
abundantly,abundantly
abuse,abuez
abuse,abues
abused,abuezd
abuses,abueses
abusing,abuezing
abusive,abuesiv
abusively,abuesivly
abusiveness,abuesivnes
abut,abut
abutment,abutment
abutments,abutments
abutted,abuted
abutter,abuter
abutting,abuting
abysmal,abizmal
abyss,abis
